payment_id,order_id,payment_method,payment_status,payment_date
1,1,Credit Card,Success,2024-01-16
2,2,PayPal,Success,2023-12-11
3,3,Credit Card,Success,2024-04-06
4,4,PayPal,Success,2023-10-24
5,5,PayPal,Success,2024-03-20
6,6,Credit Card,Success,2024-10-28
7,7,Credit Card,Success,2024-07-18
8,8,Credit Card,Success,2025-04-13
9,9,Cash,Success,2025-04-02
10,10,PayPal,Success,2024-01-01
11,11,PayPal,Success,2024-01-09
12,12,PayPal,Success,2025-04-13
13,13,Credit Card,Success,2024-01-03
14,14,Credit Card,Success,2025-08-12
15,15,Cash,Success,2025-02-04
16,16,PayPal,Success,2025-03-06
17,17,Credit Card,Success,2024-09-09
18,18,Credit Card,Success,2024-10-25
19,19,PayPal,Success,2024-03-03
20,20,Cash,Success,2024-08-12
21,21,Cash,Success,2024-12-13
22,22,PayPal,Success,2024-09-17
23,23,PayPal,Success,2024-04-04
24,24,Cash,Success,2024-12-20
25,25,Cash,Success,2024-03-28
26,26,Credit Card,Success,2025-01-16
27,27,Cash,Refunded,2024-05-11
28,28,Cash,Success,2024-03-16
29,29,Credit Card,Success,2024-12-18
30,30,Credit Card,Refunded,2024-02-20
31,31,PayPal,Success,2025-03-09
32,32,Cash,Success,2024-09-06
33,33,Cash,Refunded,2024-04-24
34,34,Cash,Success,2024-04-26
35,35,Cash,Success,2025-09-01
36,36,Cash,Success,2024-04-25
37,37,PayPal,Success,2024-12-10
38,38,Credit Card,Success,2024-01-21
39,39,PayPal,Success,2025-04-08
40,40,Credit Card,Success,2024-07-12
41,41,Credit Card,Success,2023-12-24
42,42,Credit Card,Success,2025-05-17
43,43,Credit Card,Success,2025-05-03
44,44,PayPal,Success,2023-10-05
45,45,PayPal,Success,2024-04-09
46,46,Cash,Success,2025-05-22
47,47,Cash,Success,2025-05-14
48,48,PayPal,Success,2024-06-08
49,49,Credit Card,Success,2024-02-25
50,50,PayPal,Success,2024-06-28
51,51,Credit Card,Success,2024-02-12
52,52,Cash,Failed,2023-11-06
53,53,PayPal,Success,2024-02-12
54,54,PayPal,Refunded,2025-04-17
55,55,PayPal,Success,2025-09-12
56,56,Credit Card,Failed,2025-07-30
57,57,PayPal,Refunded,2024-03-29
58,58,Cash,Success,2024-04-25
59,59,PayPal,Refunded,2023-12-20
60,60,PayPal,Success,2025-08-02
61,61,Credit Card,Success,2025-05-31
62,62,Credit Card,Success,2025-03-07
63,63,PayPal,Success,2025-03-23
64,64,Cash,Success,2024-03-14
65,65,Credit Card,Refunded,2024-08-26
66,66,Cash,Success,2024-03-21
67,67,Credit Card,Success,2023-12-05
68,68,PayPal,Success,2023-10-03
69,69,PayPal,Failed,2023-11-04
70,70,Cash,Success,2025-06-28
71,71,Cash,Success,2024-12-29
72,72,Credit Card,Success,2023-12-20
73,73,Cash,Success,2024-01-13
74,74,Credit Card,Success,2023-10-21
75,75,Cash,Success,2025-04-23
76,76,PayPal,Success,2023-12-24
77,77,Credit Card,Success,2024-07-09
78,78,Cash,Success,2025-06-27
79,79,Cash,Success,2024-10-18
80,80,PayPal,Success,2025-06-28
81,81,Credit Card,Refunded,2023-10-08
82,82,PayPal,Success,2024-04-28
83,83,Credit Card,Success,2025-03-31
84,84,PayPal,Success,2024-09-18
85,85,Cash,Success,2025-08-26
86,86,PayPal,Failed,2024-11-06
87,87,Credit Card,Success,2024-03-19
88,88,Credit Card,Failed,2024-05-03
89,89,Credit Card,Success,2024-02-19
90,90,Cash,Success,2024-12-09
91,91,Cash,Success,2024-11-07
92,92,Credit Card,Success,2024-08-15
93,93,Cash,Refunded,2024-05-11
94,94,Credit Card,Success,2024-10-12
95,95,Cash,Success,2025-04-09
96,96,PayPal,Success,2025-03-11
97,97,PayPal,Success,2024-03-09
98,98,Credit Card,Success,2024-07-23
99,99,PayPal,Failed,2025-04-14
100,100,Cash,Success,2025-06-03
101,101,Credit Card,Refunded,2025-09-08
102,102,Cash,Success,2025-02-18
103,103,PayPal,Success,2025-05-17
104,104,PayPal,Refunded,2024-06-04
105,105,Credit Card,Success,2025-08-29
106,106,Cash,Failed,2024-07-09
107,107,Cash,Success,2024-02-27
108,108,Cash,Failed,2024-05-11
109,109,Credit Card,Refunded,2023-12-20
110,110,Credit Card,Failed,2024-06-16
111,111,Credit Card,Success,2024-06-04
112,112,PayPal,Success,2024-09-30
113,113,Credit Card,Success,2023-10-10
114,114,Cash,Success,2024-01-23
115,115,Credit Card,Success,2024-10-18
116,116,PayPal,Success,2024-12-27
117,117,Cash,Success,2025-07-27
118,118,PayPal,Success,2024-11-26
119,119,Cash,Success,2024-01-30
120,120,Cash,Refunded,2025-06-25
121,121,Credit Card,Failed,2024-02-18
122,122,Cash,Success,2025-06-24
123,123,PayPal,Success,2025-04-19
124,124,PayPal,Success,2025-03-13
125,125,Credit Card,Success,2025-07-30
126,126,Cash,Success,2024-06-11
127,127,Credit Card,Failed,2023-12-23
128,128,Cash,Success,2023-10-26
129,129,PayPal,Success,2024-03-25
130,130,PayPal,Success,2025-05-24
131,131,PayPal,Success,2024-03-24
132,132,PayPal,Failed,2024-10-30
133,133,Cash,Success,2024-07-03
134,134,PayPal,Success,2024-05-25
135,135,Cash,Success,2024-09-27
136,136,Credit Card,Success,2024-10-20
137,137,Cash,Success,2024-04-11
138,138,Credit Card,Success,2024-04-13
139,139,PayPal,Success,2024-02-25
140,140,Credit Card,Success,2023-12-14
141,141,Credit Card,Success,2025-03-26
142,142,Cash,Success,2025-03-22
143,143,Cash,Success,2025-04-22
144,144,Cash,Success,2024-03-15
145,145,PayPal,Success,2025-02-18
146,146,PayPal,Success,2023-11-26
147,147,PayPal,Success,2025-02-11
148,148,Cash,Success,2024-09-21
149,149,Cash,Success,2024-10-09
150,150,Cash,Success,2025-01-26
151,151,Credit Card,Refunded,2024-11-23
152,152,Credit Card,Failed,2024-03-21
153,153,Credit Card,Success,2024-02-17
154,154,Credit Card,Success,2024-07-31
155,155,PayPal,Failed,2024-09-09
156,156,Credit Card,Failed,2024-09-08
157,157,Credit Card,Success,2024-08-16
158,158,Cash,Success,2024-08-13
159,159,PayPal,Refunded,2024-12-20
160,160,Credit Card,Success,2025-05-19
161,161,Credit Card,Success,2024-02-04
162,162,PayPal,Failed,2024-09-28
163,163,PayPal,Success,2024-02-04
164,164,PayPal,Success,2025-04-06
165,165,Credit Card,Success,2024-09-28
166,166,Credit Card,Success,2023-11-05
167,167,PayPal,Success,2024-08-05
168,168,Cash,Success,2024-12-03
169,169,Credit Card,Success,2025-02-11
170,170,Cash,Failed,2024-03-01
171,171,PayPal,Success,2024-10-30
172,172,Credit Card,Success,2024-03-05
173,173,PayPal,Failed,2024-05-09
174,174,Credit Card,Success,2023-12-07
175,175,PayPal,Success,2025-03-24
176,176,PayPal,Success,2023-11-13
177,177,PayPal,Failed,2025-08-13
178,178,Cash,Success,2025-09-11
179,179,Cash,Success,2025-07-16
180,180,Credit Card,Success,2024-04-06
181,181,Cash,Success,2024-04-20
182,182,Cash,Success,2023-11-16
183,183,Credit Card,Success,2024-01-10
184,184,PayPal,Success,2025-01-01
185,185,Credit Card,Success,2024-04-01
186,186,Credit Card,Success,2024-04-30
187,187,Cash,Success,2024-04-30
188,188,Credit Card,Failed,2023-11-08
189,189,PayPal,Success,2025-01-01
190,190,Credit Card,Success,2025-07-08
191,191,PayPal,Refunded,2024-11-05
192,192,Cash,Failed,2025-01-17
193,193,PayPal,Success,2023-10-03
194,194,Cash,Success,2024-07-07
195,195,Cash,Success,2024-03-01
196,196,Cash,Success,2024-12-16
197,197,PayPal,Failed,2024-03-26
198,198,Cash,Success,2025-05-04
199,199,Cash,Success,2024-01-25
200,200,Cash,Success,2024-08-21
201,201,Cash,Success,2024-06-01
202,202,PayPal,Success,2024-03-31
203,203,Cash,Success,2024-02-29
204,204,Cash,Success,2024-09-14
205,205,Cash,Success,2024-02-21
206,206,Cash,Success,2023-11-28
207,207,PayPal,Success,2024-10-01
208,208,PayPal,Success,2024-07-29
209,209,Cash,Failed,2025-08-08
210,210,Cash,Success,2024-05-18
211,211,Credit Card,Refunded,2024-10-20
212,212,Credit Card,Success,2024-01-27
213,213,Credit Card,Success,2024-02-18
214,214,Credit Card,Success,2023-12-30
215,215,PayPal,Success,2023-12-17
216,216,Cash,Refunded,2023-10-25
217,217,Credit Card,Success,2024-05-14
218,218,Cash,Success,2024-04-05
219,219,Cash,Success,2025-07-18
220,220,PayPal,Success,2024-10-17
221,221,PayPal,Success,2025-05-22
222,222,Credit Card,Success,2025-02-20
223,223,Credit Card,Success,2024-07-03
224,224,PayPal,Success,2024-04-08
225,225,Cash,Success,2024-03-28
226,226,Cash,Success,2025-05-04
227,227,Cash,Success,2024-11-07
228,228,PayPal,Success,2024-10-26
229,229,Cash,Success,2024-10-22
230,230,Cash,Success,2025-09-05
231,231,PayPal,Failed,2024-06-01
232,232,PayPal,Refunded,2024-04-15
233,233,Cash,Success,2025-05-06
234,234,Credit Card,Refunded,2024-11-23
235,235,Cash,Success,2024-07-11
236,236,PayPal,Success,2025-08-18
237,237,Credit Card,Success,2023-11-12
238,238,PayPal,Success,2024-04-16
239,239,Credit Card,Success,2024-03-14
240,240,PayPal,Success,2024-12-19
241,241,Cash,Success,2024-10-16
242,242,PayPal,Success,2024-03-04
243,243,Cash,Success,2024-05-23
244,244,Credit Card,Success,2024-09-17
245,245,PayPal,Failed,2024-09-03
246,246,Credit Card,Success,2023-11-07
247,247,Cash,Failed,2024-05-05
248,248,Credit Card,Failed,2025-05-30
249,249,PayPal,Success,2025-01-02
250,250,Credit Card,Success,2025-07-25
251,251,Credit Card,Success,2024-03-10
252,252,PayPal,Success,2023-11-06
253,253,Credit Card,Success,2024-02-09
254,254,PayPal,Failed,2025-04-10
255,255,PayPal,Success,2025-07-28
256,256,Credit Card,Failed,2025-04-10
257,257,Credit Card,Success,2025-05-23
258,258,Credit Card,Success,2024-06-25
259,259,Cash,Failed,2025-03-11
260,260,PayPal,Success,2024-03-11
261,261,PayPal,Success,2025-05-06
262,262,Credit Card,Success,2025-08-15
263,263,PayPal,Success,2024-05-24
264,264,Credit Card,Success,2023-10-29
265,265,Credit Card,Failed,2024-05-03
266,266,PayPal,Failed,2025-05-31
267,267,Credit Card,Success,2025-04-29
268,268,Credit Card,Success,2024-11-15
269,269,Credit Card,Success,2023-11-15
270,270,PayPal,Success,2024-03-24
271,271,Cash,Success,2025-05-01
272,272,Cash,Success,2024-07-30
273,273,PayPal,Success,2025-09-07
274,274,Credit Card,Failed,2024-08-20
275,275,Cash,Success,2025-06-07
276,276,Cash,Refunded,2023-09-24
277,277,Cash,Success,2025-09-14
278,278,Credit Card,Success,2023-09-27
279,279,PayPal,Success,2024-03-21
280,280,PayPal,Success,2024-09-01
281,281,PayPal,Success,2024-07-11
282,282,Cash,Success,2025-02-20
283,283,Credit Card,Success,2025-05-17
284,284,PayPal,Failed,2024-01-04
285,285,Cash,Success,2023-10-05
286,286,PayPal,Success,2023-12-13
287,287,Cash,Success,2025-07-26
288,288,Credit Card,Success,2024-11-03
289,289,Credit Card,Success,2024-04-28
290,290,PayPal,Success,2024-09-26
291,291,PayPal,Refunded,2025-04-08
292,292,Credit Card,Refunded,2023-12-05
293,293,Cash,Success,2023-09-28
294,294,Cash,Success,2024-05-26
295,295,PayPal,Success,2023-12-22
296,296,Cash,Success,2023-12-09
297,297,PayPal,Success,2025-02-13
298,298,Credit Card,Success,2025-03-15
299,299,PayPal,Success,2025-05-15
300,300,Credit Card,Refunded,2024-09-12
301,301,PayPal,Success,2024-06-25
302,302,Credit Card,Success,2025-03-05
303,303,PayPal,Success,2023-11-12
304,304,Cash,Refunded,2024-04-28
305,305,PayPal,Success,2024-08-20
306,306,Credit Card,Success,2025-07-11
307,307,Credit Card,Success,2025-07-18
308,308,Credit Card,Success,2024-10-23
309,309,Credit Card,Success,2024-07-16
310,310,Credit Card,Failed,2025-06-20
311,311,Cash,Success,2025-02-18
312,312,PayPal,Success,2024-08-30
313,313,Cash,Refunded,2023-12-21
314,314,PayPal,Success,2025-07-13
315,315,Credit Card,Success,2024-03-24
316,316,Cash,Success,2025-02-09
317,317,PayPal,Success,2024-10-06
318,318,Credit Card,Success,2025-05-08
319,319,Credit Card,Failed,2024-11-07
320,320,PayPal,Success,2024-05-01
321,321,PayPal,Success,2023-11-30
322,322,Credit Card,Refunded,2023-10-09
323,323,Credit Card,Success,2023-09-27
324,324,PayPal,Refunded,2025-09-09
325,325,Credit Card,Success,2025-01-22
326,326,Cash,Success,2024-12-23
327,327,Credit Card,Success,2024-02-10
328,328,Cash,Success,2024-10-24
329,329,Credit Card,Refunded,2024-01-10
330,330,Cash,Success,2024-05-07
331,331,Cash,Success,2025-01-14
332,332,Credit Card,Success,2025-05-19
333,333,Credit Card,Success,2025-08-31
334,334,PayPal,Failed,2025-07-15
335,335,Cash,Success,2024-04-29
336,336,Credit Card,Success,2024-02-03
337,337,Credit Card,Success,2025-09-07
338,338,PayPal,Success,2024-07-22
339,339,Cash,Success,2024-08-09
340,340,PayPal,Success,2025-06-30
341,341,Cash,Success,2025-02-10
342,342,Credit Card,Success,2025-05-11
343,343,Credit Card,Failed,2025-06-24
344,344,Cash,Success,2023-09-23
345,345,Credit Card,Failed,2023-10-24
346,346,Credit Card,Success,2025-01-12
347,347,PayPal,Success,2024-08-18
348,348,PayPal,Success,2024-01-09
349,349,PayPal,Refunded,2025-03-08
350,350,Credit Card,Success,2024-07-04
351,351,Cash,Success,2024-07-26
352,352,Cash,Success,2024-04-07
353,353,PayPal,Success,2025-02-26
354,354,Credit Card,Success,2024-05-10
355,355,Cash,Success,2023-10-03
356,356,PayPal,Success,2025-06-17
357,357,PayPal,Success,2025-05-02
358,358,Credit Card,Failed,2025-03-07
359,359,Credit Card,Success,2025-01-02
360,360,Credit Card,Success,2023-12-07
361,361,Credit Card,Success,2024-12-12
362,362,Credit Card,Success,2024-09-22
363,363,Cash,Success,2024-01-09
364,364,Cash,Success,2024-05-08
365,365,PayPal,Success,2025-01-25
366,366,Cash,Success,2024-05-13
367,367,PayPal,Success,2024-08-11
368,368,PayPal,Refunded,2024-12-22
369,369,Cash,Success,2024-11-08
370,370,Cash,Success,2023-10-16
371,371,Credit Card,Success,2024-02-27
372,372,Credit Card,Success,2025-04-18
373,373,Cash,Success,2024-03-22
374,374,Cash,Success,2025-06-24
375,375,PayPal,Success,2025-02-14
376,376,Credit Card,Success,2024-11-13
377,377,Cash,Success,2024-11-02
378,378,PayPal,Success,2025-01-16
379,379,Cash,Success,2025-04-19
380,380,PayPal,Success,2024-04-11
381,381,Credit Card,Refunded,2024-03-19
382,382,Credit Card,Failed,2025-08-09
383,383,Credit Card,Failed,2024-10-05
384,384,Credit Card,Refunded,2025-06-26
385,385,Cash,Success,2023-10-02
386,386,Cash,Failed,2023-10-05
387,387,PayPal,Refunded,2024-06-11
388,388,Cash,Success,2024-04-26
389,389,PayPal,Success,2025-07-26
390,390,PayPal,Success,2024-07-01
391,391,PayPal,Failed,2024-12-20
392,392,PayPal,Failed,2023-11-21
393,393,Cash,Success,2024-09-16
394,394,Cash,Success,2024-06-26
395,395,Credit Card,Success,2025-02-04
396,396,PayPal,Success,2024-07-28
397,397,Cash,Success,2024-03-11
398,398,Credit Card,Success,2024-03-07
399,399,PayPal,Success,2024-04-04
400,400,Credit Card,Success,2024-03-22
401,401,Cash,Success,2024-07-31
402,402,PayPal,Success,2024-01-07
403,403,Cash,Success,2025-04-03
404,404,Cash,Success,2025-03-09
405,405,Cash,Success,2024-09-28
406,406,PayPal,Success,2025-08-19
407,407,Cash,Success,2024-07-15
408,408,Cash,Success,2025-08-12
409,409,PayPal,Success,2024-01-20
410,410,Cash,Success,2024-07-28
411,411,Cash,Success,2025-08-05
412,412,Cash,Success,2025-02-27
413,413,PayPal,Success,2024-12-08
414,414,Cash,Failed,2025-06-04
415,415,Credit Card,Success,2024-06-19
416,416,Cash,Success,2025-07-10
417,417,Cash,Success,2024-07-07
418,418,Cash,Success,2025-02-14
419,419,Cash,Success,2025-07-12
420,420,PayPal,Success,2024-04-07
421,421,Cash,Success,2024-04-19
422,422,Credit Card,Success,2024-10-21
423,423,Cash,Success,2024-03-19
424,424,Credit Card,Success,2023-12-29
425,425,PayPal,Success,2025-04-02
426,426,PayPal,Success,2025-03-16
427,427,Cash,Success,2024-04-27
428,428,PayPal,Success,2024-06-28
429,429,Credit Card,Success,2023-12-08
430,430,Credit Card,Success,2025-05-24
431,431,Cash,Success,2025-08-21
432,432,Cash,Success,2023-11-04
433,433,PayPal,Success,2024-02-02
434,434,Credit Card,Refunded,2025-05-16
435,435,PayPal,Success,2024-12-22
436,436,PayPal,Success,2024-07-03
437,437,PayPal,Failed,2024-07-21
438,438,Cash,Success,2024-06-10
439,439,Cash,Success,2024-05-12
440,440,Credit Card,Success,2024-07-05
441,441,Cash,Success,2025-08-23
442,442,PayPal,Success,2024-10-03
443,443,Credit Card,Failed,2024-03-05
444,444,Credit Card,Success,2025-03-01
445,445,Cash,Refunded,2023-12-20
446,446,PayPal,Success,2024-10-26
447,447,PayPal,Success,2025-04-11
448,448,Cash,Refunded,2025-05-18
449,449,Credit Card,Success,2024-06-20
450,450,PayPal,Success,2024-07-05
451,451,PayPal,Success,2025-02-26
452,452,PayPal,Success,2025-08-13
453,453,Cash,Success,2024-06-02
454,454,Cash,Success,2023-10-09
455,455,Cash,Success,2024-08-31
456,456,Cash,Success,2025-06-30
457,457,Cash,Success,2025-04-24
458,458,Credit Card,Failed,2024-06-05
459,459,Cash,Success,2024-07-30
460,460,Cash,Success,2025-09-17
461,461,PayPal,Success,2023-10-12
462,462,Cash,Success,2024-06-07
463,463,PayPal,Refunded,2024-06-23
464,464,Cash,Success,2024-05-28
465,465,Cash,Success,2024-04-12
466,466,PayPal,Success,2025-02-13
467,467,PayPal,Failed,2025-06-16
468,468,Credit Card,Success,2023-12-01
469,469,PayPal,Success,2024-04-28
470,470,Credit Card,Failed,2023-10-12
471,471,Cash,Failed,2023-12-16
472,472,Credit Card,Refunded,2024-11-18
473,473,Credit Card,Refunded,2025-07-21
474,474,Cash,Success,2025-09-20
475,475,Credit Card,Success,2025-03-25
476,476,Cash,Success,2023-10-20
477,477,Credit Card,Success,2025-01-07
478,478,Credit Card,Success,2025-02-10
479,479,PayPal,Success,2024-03-09
480,480,PayPal,Success,2024-09-27
481,481,PayPal,Success,2025-09-17
482,482,PayPal,Failed,2024-01-28
483,483,Credit Card,Success,2024-01-30
484,484,Cash,Success,2025-02-20
485,485,Cash,Failed,2025-04-18
486,486,PayPal,Success,2024-07-08
487,487,Cash,Success,2024-01-09
488,488,PayPal,Success,2024-03-20
489,489,PayPal,Success,2024-06-08
490,490,Cash,Success,2024-04-06
491,491,Credit Card,Success,2023-11-22
492,492,Cash,Failed,2024-09-27
493,493,PayPal,Refunded,2024-01-05
494,494,Credit Card,Success,2025-01-21
495,495,PayPal,Success,2025-08-07
496,496,PayPal,Success,2024-12-10
497,497,Credit Card,Success,2025-08-24
498,498,Cash,Success,2024-05-20
499,499,Credit Card,Success,2024-08-09
500,500,Credit Card,Success,2025-08-18
501,501,Credit Card,Success,2023-10-06
502,502,Credit Card,Success,2024-09-24
503,503,Cash,Success,2024-11-12
504,504,PayPal,Success,2024-01-19
505,505,Credit Card,Refunded,2023-10-29
506,506,Cash,Failed,2024-12-11
507,507,PayPal,Success,2025-02-01
508,508,PayPal,Failed,2023-11-23
509,509,Cash,Success,2023-12-22
510,510,PayPal,Success,2025-05-30
511,511,PayPal,Success,2025-02-14
512,512,Credit Card,Success,2023-12-03
513,513,Cash,Success,2025-01-25
514,514,PayPal,Refunded,2025-09-07
515,515,Cash,Success,2024-12-04
516,516,Cash,Success,2023-11-08
517,517,Cash,Success,2025-05-17
518,518,PayPal,Success,2023-11-02
519,519,PayPal,Success,2024-05-18
520,520,Cash,Success,2023-12-17
521,521,Cash,Success,2023-10-18
522,522,Cash,Refunded,2024-10-17
523,523,Credit Card,Failed,2023-12-11
524,524,PayPal,Refunded,2024-10-15
525,525,Credit Card,Success,2024-12-23
526,526,Credit Card,Failed,2024-02-24
527,527,Credit Card,Success,2025-06-04
528,528,PayPal,Success,2024-12-07
529,529,Credit Card,Success,2023-09-27
530,530,Credit Card,Success,2025-08-28
531,531,Credit Card,Success,2024-01-17
532,532,Credit Card,Success,2024-11-21
533,533,PayPal,Success,2024-03-27
534,534,Credit Card,Success,2023-10-04
535,535,PayPal,Success,2023-12-30
536,536,Credit Card,Success,2024-01-09
537,537,PayPal,Success,2024-11-16
538,538,Credit Card,Success,2025-01-16
539,539,PayPal,Success,2025-08-26
540,540,Cash,Success,2024-07-22
541,541,PayPal,Success,2025-08-19
542,542,Cash,Refunded,2024-10-18
543,543,PayPal,Success,2025-08-17
544,544,Cash,Refunded,2024-02-05
545,545,Credit Card,Success,2023-11-24
546,546,Cash,Success,2024-10-09
547,547,Cash,Refunded,2024-07-06
548,548,Cash,Success,2024-03-14
549,549,Cash,Success,2025-02-22
550,550,PayPal,Failed,2025-06-13
551,551,Cash,Success,2025-08-29
552,552,PayPal,Success,2024-07-15
553,553,Credit Card,Success,2024-11-25
554,554,Credit Card,Success,2024-12-12
555,555,Credit Card,Success,2023-11-28
556,556,Credit Card,Failed,2024-11-24
557,557,Credit Card,Success,2024-12-31
558,558,Credit Card,Failed,2024-08-05
559,559,Cash,Success,2023-11-15
560,560,PayPal,Success,2025-05-22
561,561,Credit Card,Success,2025-04-03
562,562,Credit Card,Failed,2025-08-15
563,563,Cash,Success,2023-11-24
564,564,PayPal,Success,2023-12-09
565,565,Credit Card,Success,2024-04-22
566,566,PayPal,Success,2024-02-27
567,567,Cash,Success,2025-01-25
568,568,PayPal,Success,2024-02-29
569,569,Cash,Success,2024-08-14
570,570,PayPal,Success,2025-02-16
571,571,Credit Card,Failed,2024-10-20
572,572,PayPal,Success,2024-06-22
573,573,PayPal,Success,2024-05-04
574,574,PayPal,Success,2024-04-28
575,575,PayPal,Success,2024-06-10
576,576,PayPal,Success,2024-01-22
577,577,Cash,Refunded,2025-04-16
578,578,PayPal,Success,2024-01-08
579,579,Credit Card,Success,2024-09-21
580,580,Cash,Success,2024-07-25
581,581,PayPal,Failed,2024-10-25
582,582,Cash,Success,2023-11-08
583,583,Credit Card,Success,2023-10-08
584,584,Cash,Failed,2024-12-19
585,585,Cash,Success,2024-04-07
586,586,Credit Card,Success,2024-10-01
587,587,Credit Card,Success,2023-10-02
588,588,Cash,Success,2024-10-22
589,589,PayPal,Success,2024-05-18
590,590,Cash,Success,2023-12-27
591,591,Cash,Success,2025-03-22
592,592,Credit Card,Refunded,2024-02-29
593,593,Credit Card,Success,2024-06-19
594,594,Credit Card,Success,2025-05-30
595,595,Cash,Refunded,2025-01-09
596,596,Credit Card,Success,2024-09-05
597,597,Credit Card,Refunded,2025-01-25
598,598,Cash,Success,2024-06-13
599,599,PayPal,Success,2024-12-24
600,600,Cash,Success,2024-10-17
601,601,PayPal,Success,2024-01-18
602,602,Cash,Success,2023-10-11
603,603,Credit Card,Success,2025-08-18
604,604,PayPal,Success,2023-10-18
605,605,Credit Card,Success,2024-07-11
606,606,Cash,Success,2024-02-08
607,607,Cash,Refunded,2025-07-05
608,608,PayPal,Success,2024-08-19
609,609,PayPal,Success,2023-12-27
610,610,PayPal,Success,2024-12-23
611,611,PayPal,Success,2024-08-08
612,612,PayPal,Success,2025-07-20
613,613,Credit Card,Success,2024-10-23
614,614,PayPal,Failed,2025-03-12
615,615,Cash,Failed,2025-04-29
616,616,PayPal,Success,2024-11-03
617,617,Cash,Success,2025-03-24
618,618,PayPal,Success,2025-02-04
619,619,Cash,Success,2025-04-26
620,620,Credit Card,Success,2024-07-24
621,621,PayPal,Success,2025-07-28
622,622,Credit Card,Success,2024-08-09
623,623,Cash,Refunded,2025-08-21
624,624,PayPal,Success,2024-08-29
625,625,PayPal,Success,2025-07-15
626,626,Credit Card,Success,2025-02-07
627,627,PayPal,Success,2024-03-12
628,628,Cash,Refunded,2025-09-11
629,629,Cash,Success,2023-11-26
630,630,Credit Card,Success,2023-10-17
631,631,Cash,Success,2024-05-29
632,632,Credit Card,Success,2024-06-07
633,633,PayPal,Success,2024-05-28
634,634,Cash,Failed,2025-06-04
635,635,Cash,Success,2025-01-15
636,636,Credit Card,Failed,2025-07-07
637,637,PayPal,Success,2024-12-31
638,638,PayPal,Success,2025-05-24
639,639,Cash,Failed,2025-07-23
640,640,Cash,Success,2024-11-18
641,641,Cash,Success,2024-08-07
642,642,Cash,Success,2024-09-12
643,643,Cash,Success,2024-09-08
644,644,PayPal,Success,2025-04-10
645,645,PayPal,Success,2024-11-29
646,646,Cash,Success,2023-12-03
647,647,Credit Card,Success,2024-09-17
648,648,Credit Card,Success,2025-07-30
649,649,PayPal,Refunded,2025-04-09
650,650,Credit Card,Refunded,2025-03-23
651,651,Cash,Success,2023-10-20
652,652,Cash,Failed,2025-06-08
653,653,Cash,Success,2024-09-04
654,654,PayPal,Success,2025-07-14
655,655,Credit Card,Refunded,2023-12-23
656,656,Cash,Success,2025-04-30
657,657,Credit Card,Success,2025-02-16
658,658,Credit Card,Success,2024-10-14
659,659,Credit Card,Success,2024-11-03
660,660,Cash,Refunded,2025-05-03
661,661,Cash,Success,2024-01-02
662,662,Credit Card,Success,2025-04-15
663,663,Credit Card,Success,2024-08-14
664,664,Cash,Failed,2025-07-20
665,665,Cash,Success,2025-07-25
666,666,Cash,Failed,2025-01-25
667,667,Credit Card,Success,2024-07-05
668,668,PayPal,Success,2025-09-08
669,669,Cash,Success,2024-08-21
670,670,Credit Card,Success,2024-07-25
671,671,Credit Card,Success,2024-11-23
672,672,Credit Card,Success,2024-10-04
673,673,Cash,Success,2025-03-14
674,674,Credit Card,Success,2025-01-21
675,675,Cash,Refunded,2024-03-06
676,676,PayPal,Success,2024-11-02
677,677,Cash,Success,2024-01-28
678,678,Credit Card,Success,2024-11-06
679,679,Cash,Success,2025-07-17
680,680,Credit Card,Success,2025-04-03
681,681,PayPal,Success,2024-05-24
682,682,Credit Card,Success,2024-06-09
683,683,Cash,Success,2025-08-12
684,684,PayPal,Success,2024-09-04
685,685,PayPal,Success,2025-07-19
686,686,Cash,Success,2024-07-11
687,687,Credit Card,Success,2024-11-20
688,688,Cash,Success,2024-09-06
689,689,Credit Card,Success,2024-12-19
690,690,Cash,Success,2025-08-01
691,691,PayPal,Success,2024-03-19
692,692,Cash,Success,2024-01-29
693,693,Credit Card,Success,2024-08-26
694,694,Cash,Failed,2025-02-18
695,695,Cash,Success,2025-08-19
696,696,PayPal,Success,2025-04-05
697,697,Credit Card,Success,2024-07-09
698,698,Cash,Success,2024-03-04
699,699,Cash,Success,2025-01-22
700,700,PayPal,Failed,2025-05-20
701,701,Cash,Success,2024-01-27
702,702,Credit Card,Success,2025-01-02
703,703,PayPal,Success,2023-11-26
704,704,Credit Card,Failed,2024-10-12
705,705,Cash,Success,2024-11-29
706,706,PayPal,Refunded,2025-02-04
707,707,PayPal,Success,2024-07-11
708,708,Credit Card,Failed,2024-04-06
709,709,Cash,Success,2025-08-01
710,710,Credit Card,Success,2024-04-03
711,711,Cash,Success,2025-04-04
712,712,Credit Card,Success,2024-11-25
713,713,Cash,Success,2025-07-27
714,714,Credit Card,Success,2024-01-13
715,715,Credit Card,Refunded,2025-05-12
716,716,Credit Card,Success,2025-05-10
717,717,Credit Card,Success,2024-04-14
718,718,PayPal,Success,2024-09-24
719,719,Cash,Success,2024-07-22
720,720,PayPal,Success,2024-04-27
721,721,Credit Card,Success,2025-09-20
722,722,Credit Card,Success,2024-10-15
723,723,Credit Card,Failed,2025-04-10
724,724,Credit Card,Success,2024-02-17
725,725,PayPal,Refunded,2025-06-20
726,726,PayPal,Success,2024-04-21
727,727,Cash,Success,2024-06-12
728,728,Credit Card,Success,2025-07-22
729,729,PayPal,Success,2024-04-21
730,730,Cash,Success,2025-04-05
731,731,PayPal,Success,2025-09-19
732,732,Credit Card,Success,2024-03-23
733,733,Cash,Success,2024-01-29
734,734,Credit Card,Success,2024-09-08
735,735,PayPal,Success,2024-02-22
736,736,Credit Card,Success,2023-10-13
737,737,PayPal,Refunded,2024-10-01
738,738,Credit Card,Failed,2024-06-16
739,739,Cash,Success,2024-12-05
740,740,Credit Card,Success,2024-01-27
741,741,Cash,Failed,2024-06-11
742,742,Credit Card,Success,2024-10-18
743,743,Credit Card,Success,2025-09-11
744,744,PayPal,Refunded,2024-04-07
745,745,PayPal,Refunded,2025-01-09
746,746,Cash,Refunded,2024-01-26
747,747,Cash,Success,2025-02-13
748,748,PayPal,Failed,2025-04-20
749,749,PayPal,Success,2025-09-08
750,750,PayPal,Success,2024-12-16
751,751,Cash,Success,2024-03-07
752,752,PayPal,Success,2024-12-27
753,753,PayPal,Failed,2024-04-28
754,754,Credit Card,Success,2024-03-07
755,755,Credit Card,Success,2024-01-12
756,756,PayPal,Success,2024-07-14
757,757,Credit Card,Success,2025-02-25
758,758,Cash,Success,2023-10-07
759,759,Credit Card,Success,2024-11-04
760,760,Cash,Success,2025-01-22
761,761,Credit Card,Success,2025-08-19
762,762,Cash,Success,2024-05-02
763,763,Cash,Success,2025-02-26
764,764,PayPal,Success,2024-08-17
765,765,Credit Card,Success,2024-09-22
766,766,PayPal,Success,2024-11-19
767,767,Cash,Success,2024-07-06
768,768,Credit Card,Failed,2023-10-02
769,769,Cash,Success,2025-08-16
770,770,Credit Card,Success,2024-10-15
771,771,Credit Card,Failed,2024-07-17
772,772,Credit Card,Refunded,2024-11-17
773,773,Cash,Success,2024-07-01
774,774,Credit Card,Success,2024-06-02
775,775,Credit Card,Success,2023-10-14
776,776,Credit Card,Success,2024-06-04
777,777,PayPal,Success,2025-04-23
778,778,PayPal,Success,2024-07-10
779,779,Credit Card,Failed,2024-07-06
780,780,PayPal,Success,2023-09-30
781,781,Cash,Refunded,2023-11-13
782,782,PayPal,Success,2025-01-01
783,783,PayPal,Success,2024-03-11
784,784,Cash,Success,2025-07-05
785,785,Credit Card,Success,2025-07-29
786,786,Credit Card,Success,2024-12-22
787,787,Cash,Success,2025-04-11
788,788,PayPal,Success,2025-02-17
789,789,PayPal,Success,2025-07-11
790,790,PayPal,Success,2024-12-24
791,791,Credit Card,Success,2025-05-07
792,792,PayPal,Success,2025-01-17
793,793,Cash,Failed,2024-09-26
794,794,Credit Card,Success,2025-07-27
795,795,Credit Card,Failed,2025-08-06
796,796,PayPal,Refunded,2023-10-27
797,797,PayPal,Failed,2025-08-12
798,798,PayPal,Failed,2023-11-10
799,799,Credit Card,Success,2025-04-15
800,800,Credit Card,Success,2023-12-24
801,801,Credit Card,Success,2024-12-29
802,802,PayPal,Success,2024-04-20
803,803,Credit Card,Refunded,2023-10-16
804,804,PayPal,Success,2023-12-31
805,805,Credit Card,Success,2025-02-24
806,806,PayPal,Success,2025-05-13
807,807,Credit Card,Success,2025-07-04
808,808,Credit Card,Success,2024-08-04
809,809,Cash,Success,2023-12-23
810,810,PayPal,Success,2024-11-26
811,811,PayPal,Success,2024-11-14
812,812,Cash,Success,2023-12-17
813,813,Cash,Success,2024-04-24
814,814,Cash,Success,2024-12-07
815,815,Cash,Success,2023-11-08
816,816,Cash,Failed,2024-07-04
817,817,Cash,Success,2024-08-15
818,818,Cash,Success,2025-03-13
819,819,Credit Card,Success,2025-05-31
820,820,Cash,Success,2024-08-24
821,821,Credit Card,Success,2024-10-01
822,822,Cash,Success,2025-01-25
823,823,Credit Card,Failed,2024-01-15
824,824,PayPal,Success,2024-06-22
825,825,Cash,Failed,2023-10-05
826,826,PayPal,Success,2025-09-12
827,827,Cash,Refunded,2025-08-27
828,828,Cash,Success,2024-05-04
829,829,Credit Card,Success,2023-10-12
830,830,Cash,Success,2023-09-24
831,831,Credit Card,Failed,2024-09-15
832,832,PayPal,Success,2025-08-28
833,833,Cash,Success,2024-02-24
834,834,PayPal,Refunded,2025-08-19
835,835,Credit Card,Success,2024-08-05
836,836,PayPal,Success,2025-03-26
837,837,Credit Card,Success,2025-04-26
838,838,Cash,Success,2024-09-28
839,839,Credit Card,Failed,2024-09-15
840,840,PayPal,Success,2025-09-17
841,841,Credit Card,Success,2024-06-08
842,842,Cash,Success,2024-02-06
843,843,Cash,Success,2024-07-16
844,844,Cash,Refunded,2024-02-26
845,845,Cash,Success,2023-11-29
846,846,Credit Card,Success,2023-10-09
847,847,PayPal,Success,2024-08-15
848,848,PayPal,Failed,2023-10-30
849,849,Cash,Success,2024-11-13
850,850,Credit Card,Success,2025-06-13
851,851,Cash,Success,2023-11-18
852,852,Cash,Failed,2024-01-19
853,853,Credit Card,Success,2024-09-21
854,854,Credit Card,Failed,2024-12-14
855,855,Cash,Success,2024-04-02
856,856,Credit Card,Success,2025-07-02
857,857,Cash,Success,2024-12-30
858,858,Credit Card,Failed,2024-09-11
859,859,Cash,Refunded,2025-04-22
860,860,Credit Card,Success,2025-06-13
861,861,Cash,Success,2025-01-14
862,862,Cash,Success,2024-10-05
863,863,Cash,Success,2025-05-21
864,864,Cash,Success,2024-05-23
865,865,Credit Card,Failed,2023-11-20
866,866,Credit Card,Refunded,2024-06-11
867,867,Credit Card,Success,2025-03-02
868,868,Cash,Success,2024-04-03
869,869,Cash,Refunded,2025-05-20
870,870,Cash,Success,2025-06-05
871,871,Credit Card,Refunded,2024-07-23
872,872,PayPal,Failed,2025-07-19
873,873,PayPal,Success,2025-05-01
874,874,Credit Card,Success,2024-06-25
875,875,PayPal,Refunded,2025-07-10
876,876,PayPal,Success,2025-06-02
877,877,Cash,Refunded,2024-12-07
878,878,Cash,Refunded,2025-01-13
879,879,Cash,Success,2025-03-11
880,880,Credit Card,Success,2025-01-28
881,881,Credit Card,Failed,2024-10-15
882,882,PayPal,Success,2025-07-31
883,883,PayPal,Success,2025-07-22
884,884,PayPal,Success,2023-11-05
885,885,Credit Card,Failed,2024-03-16
886,886,PayPal,Success,2024-02-25
887,887,PayPal,Success,2025-02-19
888,888,Credit Card,Success,2025-04-18
889,889,Cash,Success,2025-03-07
890,890,Credit Card,Success,2025-03-11
891,891,PayPal,Success,2023-12-26
892,892,Cash,Success,2024-06-30
893,893,Credit Card,Success,2024-12-31
894,894,PayPal,Success,2025-06-20
895,895,Cash,Success,2024-02-09
896,896,Cash,Success,2024-07-30
897,897,Cash,Refunded,2024-10-21
898,898,Cash,Refunded,2024-02-19
899,899,PayPal,Success,2024-11-15
900,900,Credit Card,Success,2024-02-24
901,901,Cash,Success,2024-12-16
902,902,Cash,Success,2025-01-26
903,903,Credit Card,Success,2025-03-16
904,904,PayPal,Success,2024-06-28
905,905,PayPal,Success,2023-10-04
906,906,Cash,Success,2025-02-03
907,907,Credit Card,Success,2024-01-15
908,908,Cash,Failed,2024-07-25
909,909,Cash,Success,2024-06-23
910,910,Credit Card,Success,2025-03-05
911,911,PayPal,Success,2024-04-22
912,912,PayPal,Success,2025-09-09
913,913,Cash,Success,2025-05-28
914,914,PayPal,Success,2024-07-31
915,915,Cash,Success,2024-10-03
916,916,Cash,Refunded,2023-11-10
917,917,Cash,Success,2024-10-11
918,918,Cash,Success,2025-08-27
919,919,Cash,Success,2023-10-05
920,920,PayPal,Refunded,2025-03-03
921,921,PayPal,Success,2025-06-01
922,922,PayPal,Success,2023-09-25
923,923,Credit Card,Success,2024-01-25
924,924,Credit Card,Success,2025-04-27
925,925,PayPal,Success,2023-12-04
926,926,Credit Card,Success,2025-04-03
927,927,PayPal,Success,2024-05-23
928,928,Credit Card,Failed,2024-06-16
929,929,PayPal,Success,2024-11-15
930,930,Cash,Success,2025-09-09
931,931,Cash,Refunded,2023-11-24
932,932,Credit Card,Success,2024-02-07
933,933,PayPal,Success,2024-11-27
934,934,Cash,Success,2025-04-22
935,935,Credit Card,Failed,2024-01-03
936,936,Credit Card,Refunded,2024-11-13
937,937,PayPal,Success,2025-09-12
938,938,Cash,Success,2024-06-26
939,939,Cash,Success,2024-04-12
940,940,Credit Card,Success,2023-11-12
941,941,Credit Card,Success,2025-09-04
942,942,Credit Card,Success,2025-02-25
943,943,Credit Card,Success,2024-01-31
944,944,Cash,Success,2024-05-16
945,945,Cash,Success,2024-12-09
946,946,Cash,Success,2025-09-13
947,947,Credit Card,Refunded,2024-11-06
948,948,Credit Card,Success,2024-10-20
949,949,Credit Card,Success,2024-10-03
950,950,PayPal,Success,2024-02-01
951,951,Credit Card,Success,2025-05-23
952,952,Credit Card,Success,2024-12-17
953,953,PayPal,Success,2024-01-24
954,954,Cash,Success,2025-03-28
955,955,PayPal,Success,2024-09-22
956,956,Cash,Success,2024-05-03
957,957,Credit Card,Success,2025-05-15
958,958,PayPal,Success,2024-03-24
959,959,PayPal,Success,2024-07-14
960,960,Credit Card,Success,2024-07-26
961,961,PayPal,Success,2024-04-28
962,962,Credit Card,Failed,2024-06-08
963,963,Cash,Success,2024-10-23
964,964,Credit Card,Success,2024-12-29
965,965,PayPal,Success,2025-06-17
966,966,Credit Card,Success,2024-01-30
967,967,Cash,Success,2024-01-31
968,968,Cash,Success,2024-09-07
969,969,Cash,Success,2025-03-13
970,970,PayPal,Success,2024-01-15
971,971,Cash,Success,2025-07-08
972,972,Cash,Success,2025-03-29
973,973,Cash,Refunded,2023-11-11
974,974,Cash,Success,2024-11-11
975,975,PayPal,Success,2025-06-30
976,976,Cash,Success,2025-02-17
977,977,PayPal,Success,2024-08-02
978,978,PayPal,Success,2024-09-28
979,979,Credit Card,Success,2023-11-12
980,980,PayPal,Success,2024-02-15
981,981,PayPal,Success,2025-09-07
982,982,PayPal,Success,2025-01-13
983,983,Cash,Success,2024-05-24
984,984,Cash,Failed,2024-07-12
985,985,Credit Card,Success,2024-05-07
986,986,Cash,Success,2024-08-03
987,987,Cash,Success,2025-02-28
988,988,PayPal,Refunded,2024-10-03
989,989,PayPal,Success,2023-12-02
990,990,Cash,Failed,2023-12-09
991,991,Credit Card,Success,2024-08-31
992,992,Cash,Success,2024-09-09
993,993,PayPal,Failed,2024-06-21
994,994,Credit Card,Success,2025-03-07
995,995,Cash,Success,2023-12-28
996,996,Cash,Success,2023-10-28
997,997,Credit Card,Failed,2023-12-09
998,998,PayPal,Refunded,2024-07-27
999,999,Credit Card,Success,2024-06-23
1000,1000,PayPal,Failed,2025-03-09
1001,1001,Credit Card,Success,2024-04-17
1002,1002,Credit Card,Success,2024-04-07
1003,1003,PayPal,Success,2025-07-25
1004,1004,Credit Card,Success,2025-06-19
1005,1005,Cash,Success,2024-11-21
1006,1006,Cash,Failed,2024-01-06
1007,1007,Credit Card,Success,2024-10-25
1008,1008,Credit Card,Success,2024-08-05
1009,1009,Cash,Success,2024-07-18
1010,1010,Credit Card,Success,2024-01-23
1011,1011,PayPal,Success,2024-01-23
1012,1012,Cash,Success,2023-11-22
1013,1013,PayPal,Success,2025-02-25
1014,1014,Credit Card,Success,2024-04-02
1015,1015,Cash,Success,2024-08-14
1016,1016,Credit Card,Success,2023-10-31
1017,1017,Cash,Success,2024-11-21
1018,1018,Credit Card,Success,2023-09-26
1019,1019,PayPal,Refunded,2025-05-09
1020,1020,Cash,Failed,2024-05-30
1021,1021,Cash,Failed,2025-01-13
1022,1022,Cash,Success,2024-10-22
1023,1023,PayPal,Success,2024-06-02
1024,1024,PayPal,Success,2024-04-29
1025,1025,PayPal,Success,2025-02-16
1026,1026,PayPal,Success,2025-01-16
1027,1027,PayPal,Success,2023-10-11
1028,1028,PayPal,Success,2024-12-28
1029,1029,Credit Card,Success,2024-08-11
1030,1030,PayPal,Success,2023-12-12
1031,1031,Credit Card,Success,2024-03-19
1032,1032,Cash,Failed,2024-04-01
1033,1033,Credit Card,Success,2025-06-30
1034,1034,Credit Card,Failed,2024-05-22
1035,1035,PayPal,Success,2025-01-18
1036,1036,PayPal,Failed,2025-08-27
1037,1037,Credit Card,Failed,2023-11-29
1038,1038,Credit Card,Success,2025-04-27
1039,1039,PayPal,Success,2023-12-24
1040,1040,Credit Card,Success,2024-08-21
1041,1041,Cash,Success,2023-12-06
1042,1042,Cash,Success,2025-04-22
1043,1043,Credit Card,Success,2024-11-14
1044,1044,Cash,Success,2023-09-30
1045,1045,Credit Card,Success,2025-06-24
1046,1046,Credit Card,Success,2024-01-26
1047,1047,PayPal,Success,2024-09-24
1048,1048,PayPal,Success,2024-06-13
1049,1049,PayPal,Success,2023-11-10
1050,1050,Credit Card,Success,2024-11-08
1051,1051,Cash,Success,2024-03-31
1052,1052,Credit Card,Success,2025-04-10
1053,1053,Credit Card,Success,2025-08-10
1054,1054,Credit Card,Success,2024-06-14
1055,1055,Cash,Failed,2024-09-03
1056,1056,PayPal,Success,2025-06-02
1057,1057,Cash,Success,2025-03-01
1058,1058,Credit Card,Success,2023-11-02
1059,1059,Cash,Success,2024-08-02
1060,1060,PayPal,Success,2024-01-17
1061,1061,PayPal,Success,2024-10-08
1062,1062,PayPal,Refunded,2024-07-18
1063,1063,Credit Card,Success,2025-01-06
1064,1064,Credit Card,Success,2025-02-09
1065,1065,Cash,Failed,2025-02-17
1066,1066,PayPal,Success,2024-05-11
1067,1067,Credit Card,Refunded,2024-08-14
1068,1068,PayPal,Success,2024-01-21
1069,1069,Cash,Success,2023-12-08
1070,1070,PayPal,Failed,2025-01-25
1071,1071,Cash,Failed,2023-12-13
1072,1072,Credit Card,Success,2024-11-05
1073,1073,Credit Card,Refunded,2025-07-30
1074,1074,Credit Card,Success,2025-01-18
1075,1075,PayPal,Success,2024-03-30
1076,1076,PayPal,Success,2024-05-10
1077,1077,PayPal,Success,2024-01-25
1078,1078,Cash,Success,2023-10-23
1079,1079,Cash,Success,2024-11-29
1080,1080,Cash,Success,2024-04-24
1081,1081,Cash,Success,2024-01-24
1082,1082,PayPal,Refunded,2025-03-01
1083,1083,Credit Card,Success,2024-02-17
1084,1084,Credit Card,Success,2024-11-09
1085,1085,Cash,Success,2025-03-26
1086,1086,Cash,Success,2024-04-01
1087,1087,PayPal,Success,2024-06-01
1088,1088,PayPal,Success,2025-07-14
1089,1089,Cash,Refunded,2025-06-08
1090,1090,PayPal,Success,2025-09-06
1091,1091,PayPal,Success,2024-02-25
1092,1092,PayPal,Success,2024-09-03
1093,1093,Credit Card,Failed,2024-02-15
1094,1094,Credit Card,Success,2025-05-30
1095,1095,Credit Card,Success,2025-07-31
1096,1096,Cash,Refunded,2025-01-31
1097,1097,PayPal,Success,2025-04-03
1098,1098,Cash,Success,2024-08-22
1099,1099,Cash,Refunded,2025-01-14
1100,1100,Cash,Refunded,2024-07-27
1101,1101,Cash,Failed,2025-09-13
1102,1102,Credit Card,Success,2023-09-23
1103,1103,PayPal,Success,2024-03-24
1104,1104,Credit Card,Success,2024-12-29
1105,1105,Cash,Success,2025-03-26
1106,1106,Cash,Success,2024-07-29
1107,1107,Credit Card,Success,2023-12-10
1108,1108,Cash,Success,2023-12-11
1109,1109,Cash,Success,2025-06-23
1110,1110,Credit Card,Failed,2024-04-09
1111,1111,PayPal,Success,2025-03-16
1112,1112,Cash,Success,2024-12-02
1113,1113,Credit Card,Success,2025-09-06
1114,1114,PayPal,Refunded,2025-07-19
1115,1115,Credit Card,Success,2024-08-24
1116,1116,Cash,Success,2025-04-25
1117,1117,Credit Card,Success,2025-04-10
1118,1118,Credit Card,Success,2024-06-16
1119,1119,Cash,Success,2023-09-21
1120,1120,Credit Card,Success,2023-11-24
1121,1121,Credit Card,Success,2025-08-23
1122,1122,Credit Card,Failed,2023-12-24
1123,1123,Credit Card,Success,2024-06-10
1124,1124,Cash,Success,2023-11-22
1125,1125,Cash,Success,2024-06-25
1126,1126,Credit Card,Success,2024-04-30
1127,1127,PayPal,Success,2024-09-23
1128,1128,Cash,Success,2024-04-19
1129,1129,Credit Card,Failed,2024-10-01
1130,1130,PayPal,Refunded,2025-04-21
1131,1131,PayPal,Success,2024-11-20
1132,1132,Cash,Refunded,2023-12-11
1133,1133,PayPal,Success,2024-02-22
1134,1134,Credit Card,Failed,2023-11-30
1135,1135,Credit Card,Failed,2023-11-11
1136,1136,PayPal,Success,2023-11-15
1137,1137,PayPal,Success,2024-08-10
1138,1138,Credit Card,Success,2024-03-28
1139,1139,Cash,Success,2024-11-13
1140,1140,Cash,Success,2024-03-22
1141,1141,Cash,Success,2024-01-06
1142,1142,Credit Card,Success,2025-08-31
1143,1143,Credit Card,Success,2024-01-15
1144,1144,PayPal,Refunded,2025-08-19
1145,1145,Cash,Success,2025-03-30
1146,1146,Cash,Success,2025-05-05
1147,1147,Cash,Success,2024-06-19
1148,1148,PayPal,Refunded,2024-06-17
1149,1149,Cash,Success,2024-03-14
1150,1150,Credit Card,Failed,2024-12-29
1151,1151,Cash,Success,2024-06-15
1152,1152,PayPal,Refunded,2023-11-30
1153,1153,PayPal,Success,2024-03-11
1154,1154,Cash,Success,2024-03-09
1155,1155,PayPal,Success,2025-04-02
1156,1156,PayPal,Success,2024-01-12
1157,1157,PayPal,Success,2025-01-31
1158,1158,Credit Card,Failed,2024-07-28
1159,1159,Cash,Refunded,2024-10-09
1160,1160,Cash,Success,2024-11-09
1161,1161,PayPal,Success,2024-11-29
1162,1162,Credit Card,Success,2025-03-20
1163,1163,Credit Card,Failed,2024-03-21
1164,1164,Cash,Success,2025-08-26
1165,1165,PayPal,Success,2024-01-01
1166,1166,Credit Card,Success,2025-07-08
1167,1167,Credit Card,Success,2025-05-22
1168,1168,Credit Card,Refunded,2024-09-13
1169,1169,Cash,Success,2024-12-13
1170,1170,Credit Card,Success,2023-11-17
1171,1171,Credit Card,Refunded,2024-06-30
1172,1172,Cash,Success,2024-05-20
1173,1173,Credit Card,Success,2024-04-01
1174,1174,Cash,Refunded,2025-04-30
1175,1175,Cash,Success,2025-08-09
1176,1176,Credit Card,Success,2025-02-18
1177,1177,Credit Card,Success,2025-01-11
1178,1178,Credit Card,Success,2025-08-25
1179,1179,Credit Card,Success,2025-04-24
1180,1180,Credit Card,Success,2025-07-22
1181,1181,Cash,Success,2024-06-09
1182,1182,PayPal,Success,2024-06-02
1183,1183,Credit Card,Success,2025-08-09
1184,1184,Credit Card,Success,2024-08-25
1185,1185,Cash,Success,2024-03-09
1186,1186,Cash,Refunded,2025-04-11
1187,1187,Cash,Success,2023-09-21
1188,1188,PayPal,Success,2024-02-16
1189,1189,Cash,Success,2024-04-05
1190,1190,PayPal,Success,2024-02-04
1191,1191,PayPal,Success,2024-04-29
1192,1192,PayPal,Success,2024-10-28
1193,1193,Cash,Success,2024-06-17
1194,1194,Cash,Success,2024-07-25
1195,1195,PayPal,Success,2025-08-12
1196,1196,Cash,Refunded,2024-01-27
1197,1197,Cash,Success,2024-06-01
1198,1198,Credit Card,Success,2024-11-28
1199,1199,PayPal,Success,2025-01-21
1200,1200,Cash,Success,2024-11-14
1201,1201,Credit Card,Success,2025-02-24
1202,1202,PayPal,Failed,2024-10-22
1203,1203,Cash,Success,2024-06-13
1204,1204,Cash,Success,2024-05-28
1205,1205,Credit Card,Success,2025-06-02
1206,1206,Cash,Success,2025-08-21
1207,1207,Credit Card,Success,2025-03-20
1208,1208,PayPal,Refunded,2024-01-07
1209,1209,Credit Card,Success,2025-01-24
1210,1210,PayPal,Refunded,2025-07-02
1211,1211,Cash,Success,2024-02-06
1212,1212,PayPal,Failed,2025-09-09
1213,1213,PayPal,Success,2024-01-04
1214,1214,Cash,Success,2023-11-01
1215,1215,PayPal,Refunded,2023-12-17
1216,1216,Cash,Success,2024-06-13
1217,1217,PayPal,Success,2024-10-25
1218,1218,Credit Card,Refunded,2025-09-16
1219,1219,PayPal,Refunded,2025-03-14
1220,1220,PayPal,Failed,2024-10-09
1221,1221,Cash,Success,2025-03-04
1222,1222,Credit Card,Refunded,2024-09-25
1223,1223,Credit Card,Failed,2024-05-16
1224,1224,Cash,Success,2024-04-15
1225,1225,PayPal,Success,2025-04-07
1226,1226,Cash,Success,2025-06-24
1227,1227,Cash,Success,2025-04-07
1228,1228,Cash,Success,2024-01-25
1229,1229,PayPal,Success,2024-01-25
1230,1230,Credit Card,Success,2025-05-02
1231,1231,Cash,Success,2024-09-16
1232,1232,Cash,Success,2025-07-24
1233,1233,Cash,Success,2025-09-11
1234,1234,Cash,Success,2023-11-26
1235,1235,Credit Card,Success,2025-04-22
1236,1236,PayPal,Success,2023-09-28
1237,1237,Cash,Success,2024-01-21
1238,1238,PayPal,Success,2024-01-27
1239,1239,Cash,Failed,2024-02-08
1240,1240,Cash,Success,2023-10-30
1241,1241,Cash,Refunded,2024-04-30
1242,1242,Cash,Success,2025-02-17
1243,1243,Cash,Success,2025-07-17
1244,1244,Credit Card,Success,2024-04-20
1245,1245,Cash,Success,2025-03-10
1246,1246,PayPal,Success,2024-10-24
1247,1247,Credit Card,Success,2024-06-01
1248,1248,PayPal,Success,2024-10-29
1249,1249,Cash,Success,2024-03-28
1250,1250,Credit Card,Refunded,2025-05-06
1251,1251,Credit Card,Success,2024-11-23
1252,1252,Cash,Success,2024-05-10
1253,1253,PayPal,Success,2024-10-13
1254,1254,Cash,Success,2025-01-28
1255,1255,Cash,Failed,2024-02-29
1256,1256,Credit Card,Success,2024-10-18
1257,1257,PayPal,Refunded,2024-12-11
1258,1258,Cash,Failed,2023-12-15
1259,1259,Cash,Success,2024-01-07
1260,1260,Credit Card,Refunded,2024-04-16
1261,1261,PayPal,Success,2024-02-21
1262,1262,Cash,Success,2024-06-09
1263,1263,Credit Card,Success,2025-05-06
1264,1264,PayPal,Success,2025-05-13
1265,1265,Credit Card,Success,2023-10-08
1266,1266,Credit Card,Success,2024-02-25
1267,1267,PayPal,Success,2025-07-17
1268,1268,Credit Card,Success,2025-04-11
1269,1269,Cash,Success,2024-08-13
1270,1270,Cash,Success,2025-09-17
1271,1271,PayPal,Success,2025-02-10
1272,1272,Cash,Success,2023-11-28
1273,1273,Credit Card,Success,2024-04-12
1274,1274,Credit Card,Success,2024-12-17
1275,1275,Cash,Refunded,2023-10-22
1276,1276,PayPal,Success,2024-01-22
1277,1277,Credit Card,Success,2025-05-07
1278,1278,Cash,Failed,2024-06-11
1279,1279,PayPal,Success,2024-09-17
1280,1280,PayPal,Success,2025-09-16
1281,1281,Credit Card,Success,2025-05-09
1282,1282,Cash,Success,2024-05-08
1283,1283,PayPal,Success,2024-09-29
1284,1284,Credit Card,Success,2024-03-23
1285,1285,Cash,Success,2025-05-19
1286,1286,Cash,Success,2024-10-23
1287,1287,PayPal,Success,2025-05-04
1288,1288,Credit Card,Success,2024-03-02
1289,1289,Credit Card,Refunded,2024-05-31
1290,1290,Credit Card,Success,2024-09-05
1291,1291,PayPal,Success,2024-04-17
1292,1292,Cash,Failed,2024-02-01
1293,1293,PayPal,Success,2024-09-25
1294,1294,Credit Card,Success,2024-03-10
1295,1295,Credit Card,Failed,2025-05-05
1296,1296,PayPal,Failed,2023-09-23
1297,1297,PayPal,Refunded,2024-07-19
1298,1298,Cash,Success,2024-10-15
1299,1299,Cash,Success,2025-01-25
1300,1300,Cash,Failed,2023-11-26
1301,1301,PayPal,Success,2024-12-02
1302,1302,Credit Card,Success,2025-04-07
1303,1303,Cash,Refunded,2023-10-19
1304,1304,Cash,Success,2024-08-15
1305,1305,Cash,Success,2024-03-08
1306,1306,PayPal,Success,2024-04-14
1307,1307,Credit Card,Refunded,2024-12-09
1308,1308,Credit Card,Success,2024-05-18
1309,1309,Cash,Refunded,2025-07-07
1310,1310,PayPal,Success,2025-04-22
1311,1311,Credit Card,Success,2025-03-30
1312,1312,PayPal,Refunded,2023-12-26
1313,1313,Cash,Success,2025-06-07
1314,1314,Credit Card,Success,2025-01-14
1315,1315,Cash,Success,2025-04-26
1316,1316,Credit Card,Success,2024-11-27
1317,1317,PayPal,Failed,2024-07-07
1318,1318,Credit Card,Refunded,2024-05-25
1319,1319,Cash,Success,2024-05-29
1320,1320,Credit Card,Success,2023-10-05
1321,1321,Cash,Failed,2024-11-19
1322,1322,Cash,Success,2024-10-04
1323,1323,PayPal,Success,2025-03-28
1324,1324,Cash,Success,2025-09-17
1325,1325,Credit Card,Success,2023-10-05
1326,1326,Credit Card,Failed,2024-06-05
1327,1327,Cash,Success,2025-01-12
1328,1328,Credit Card,Success,2025-02-05
1329,1329,PayPal,Success,2024-07-27
1330,1330,Cash,Failed,2024-01-30
1331,1331,Cash,Success,2024-08-26
1332,1332,Cash,Success,2025-03-10
1333,1333,PayPal,Success,2025-08-28
1334,1334,PayPal,Success,2024-02-12
1335,1335,Credit Card,Failed,2024-01-01
1336,1336,Credit Card,Success,2024-02-11
1337,1337,Cash,Success,2024-07-13
1338,1338,Cash,Success,2024-11-08
1339,1339,Credit Card,Failed,2025-08-31
1340,1340,PayPal,Success,2024-02-13
1341,1341,Cash,Success,2024-01-09
1342,1342,PayPal,Success,2025-05-22
1343,1343,PayPal,Failed,2024-08-30
1344,1344,Credit Card,Refunded,2025-03-22
1345,1345,Cash,Success,2025-08-02
1346,1346,Credit Card,Refunded,2024-07-12
1347,1347,Credit Card,Failed,2025-08-04
1348,1348,Cash,Success,2024-10-24
1349,1349,Cash,Success,2024-12-29
1350,1350,Credit Card,Success,2024-06-30
1351,1351,Credit Card,Success,2023-10-04
1352,1352,Cash,Success,2025-05-02
1353,1353,PayPal,Success,2024-04-18
1354,1354,Credit Card,Success,2025-01-13
1355,1355,PayPal,Success,2024-09-21
1356,1356,Cash,Success,2024-02-20
1357,1357,PayPal,Success,2024-11-28
1358,1358,Credit Card,Success,2025-04-18
1359,1359,Credit Card,Success,2025-06-25
1360,1360,Credit Card,Success,2025-04-15
1361,1361,PayPal,Refunded,2024-04-30
1362,1362,PayPal,Success,2024-03-15
1363,1363,PayPal,Success,2025-02-08
1364,1364,Cash,Success,2024-02-01
1365,1365,Cash,Refunded,2025-07-20
1366,1366,PayPal,Refunded,2025-05-10
1367,1367,Cash,Success,2024-04-12
1368,1368,PayPal,Refunded,2024-02-08
1369,1369,PayPal,Failed,2024-03-19
1370,1370,PayPal,Refunded,2024-02-20
1371,1371,Cash,Refunded,2025-07-04
1372,1372,PayPal,Success,2024-03-14
1373,1373,Credit Card,Success,2024-06-02
1374,1374,PayPal,Success,2025-01-23
1375,1375,PayPal,Failed,2024-08-10
1376,1376,PayPal,Success,2025-02-28
1377,1377,PayPal,Success,2025-07-14
1378,1378,Cash,Success,2024-12-29
1379,1379,Credit Card,Success,2024-09-07
1380,1380,PayPal,Success,2023-10-16
1381,1381,Cash,Success,2024-09-19
1382,1382,Credit Card,Success,2023-11-18
1383,1383,Cash,Refunded,2024-05-05
1384,1384,PayPal,Success,2025-08-16
1385,1385,PayPal,Success,2024-08-18
1386,1386,PayPal,Success,2025-02-02
1387,1387,Cash,Refunded,2025-02-07
1388,1388,Credit Card,Failed,2025-09-17
1389,1389,Credit Card,Refunded,2024-01-11
1390,1390,Credit Card,Success,2024-07-29
1391,1391,Cash,Refunded,2024-09-14
1392,1392,Credit Card,Success,2024-09-19
1393,1393,Cash,Success,2024-05-20
1394,1394,PayPal,Failed,2024-01-31
1395,1395,Cash,Refunded,2024-01-27
1396,1396,Cash,Success,2025-04-24
1397,1397,Cash,Success,2023-10-19
1398,1398,Credit Card,Success,2024-12-05
1399,1399,PayPal,Success,2024-08-04
1400,1400,PayPal,Refunded,2023-10-19
1401,1401,PayPal,Failed,2024-03-25
1402,1402,PayPal,Success,2024-04-11
1403,1403,Credit Card,Success,2025-09-09
1404,1404,Credit Card,Failed,2024-10-02
1405,1405,Cash,Success,2024-11-13
1406,1406,PayPal,Refunded,2024-06-25
1407,1407,Cash,Success,2025-05-29
1408,1408,Credit Card,Success,2024-10-27
1409,1409,PayPal,Success,2025-04-24
1410,1410,Cash,Refunded,2024-01-11
1411,1411,Credit Card,Success,2024-07-02
1412,1412,PayPal,Success,2023-11-20
1413,1413,Cash,Refunded,2024-09-05
1414,1414,PayPal,Refunded,2024-09-04
1415,1415,Cash,Success,2024-11-20
1416,1416,Cash,Success,2024-08-22
1417,1417,Cash,Failed,2024-09-28
1418,1418,PayPal,Success,2024-10-26
1419,1419,PayPal,Success,2023-12-09
1420,1420,PayPal,Success,2025-06-21
1421,1421,PayPal,Success,2024-07-13
1422,1422,Credit Card,Success,2025-07-08
1423,1423,Cash,Success,2024-11-28
1424,1424,PayPal,Success,2023-12-15
1425,1425,Cash,Success,2024-09-12
1426,1426,Cash,Success,2025-09-06
1427,1427,Credit Card,Success,2024-08-23
1428,1428,Credit Card,Success,2023-10-23
1429,1429,PayPal,Success,2024-10-16
1430,1430,Cash,Success,2024-09-01
1431,1431,PayPal,Success,2025-09-08
1432,1432,Credit Card,Success,2025-05-25
1433,1433,Cash,Success,2024-12-12
1434,1434,PayPal,Success,2024-12-12
1435,1435,Credit Card,Failed,2025-08-06
1436,1436,PayPal,Success,2024-10-22
1437,1437,Cash,Success,2025-02-02
1438,1438,PayPal,Success,2024-02-14
1439,1439,Cash,Success,2024-09-06
1440,1440,Cash,Refunded,2024-07-30
1441,1441,Credit Card,Refunded,2024-02-16
1442,1442,PayPal,Failed,2024-05-18
1443,1443,Cash,Failed,2025-09-17
1444,1444,Cash,Success,2025-07-11
1445,1445,Credit Card,Refunded,2024-08-23
1446,1446,Cash,Success,2025-04-13
1447,1447,Credit Card,Success,2024-07-07
1448,1448,PayPal,Success,2024-09-08
1449,1449,Credit Card,Success,2024-05-16
1450,1450,PayPal,Success,2024-04-25
1451,1451,Cash,Success,2025-04-26
1452,1452,Credit Card,Success,2024-03-11
1453,1453,PayPal,Refunded,2024-07-20
1454,1454,Cash,Success,2024-06-11
1455,1455,Cash,Success,2024-05-17
1456,1456,PayPal,Success,2024-09-07
1457,1457,Credit Card,Success,2023-11-11
1458,1458,Credit Card,Refunded,2024-02-11
1459,1459,Cash,Success,2024-01-18
1460,1460,Cash,Success,2023-12-22
1461,1461,Credit Card,Success,2024-05-02
1462,1462,Cash,Failed,2024-09-15
1463,1463,PayPal,Success,2024-10-20
1464,1464,PayPal,Failed,2024-03-09
1465,1465,Credit Card,Success,2024-02-01
1466,1466,PayPal,Success,2025-07-18
1467,1467,Credit Card,Success,2024-02-01
1468,1468,Credit Card,Success,2025-08-09
1469,1469,Cash,Success,2024-02-27
1470,1470,Credit Card,Success,2023-11-20
1471,1471,Credit Card,Refunded,2024-10-17
1472,1472,PayPal,Success,2025-03-01
1473,1473,PayPal,Success,2025-03-09
1474,1474,Credit Card,Success,2024-05-15
1475,1475,PayPal,Success,2023-12-26
1476,1476,Credit Card,Success,2024-06-22
1477,1477,Cash,Refunded,2024-03-17
1478,1478,Cash,Success,2025-04-18
1479,1479,Credit Card,Success,2024-10-16
1480,1480,PayPal,Success,2025-01-13
1481,1481,Credit Card,Success,2024-04-10
1482,1482,Cash,Success,2024-06-08
1483,1483,Cash,Success,2023-12-07
1484,1484,PayPal,Failed,2025-05-29
1485,1485,Credit Card,Success,2024-11-02
1486,1486,Credit Card,Success,2024-02-26
1487,1487,Cash,Success,2025-01-28
1488,1488,PayPal,Success,2024-01-11
1489,1489,Credit Card,Success,2024-07-28
1490,1490,Credit Card,Success,2024-03-06
1491,1491,PayPal,Success,2024-03-14
1492,1492,Credit Card,Success,2025-03-03
1493,1493,Credit Card,Success,2024-08-18
1494,1494,Cash,Success,2025-08-06
1495,1495,PayPal,Success,2025-06-29
1496,1496,Cash,Success,2023-12-15
1497,1497,Cash,Success,2024-03-18
1498,1498,Cash,Failed,2024-10-26
1499,1499,Credit Card,Success,2025-06-10
1500,1500,Cash,Success,2025-06-05
1501,1501,PayPal,Success,2024-06-12
1502,1502,PayPal,Success,2024-08-26
1503,1503,Credit Card,Success,2024-04-13
1504,1504,Credit Card,Success,2025-06-26
1505,1505,Cash,Success,2025-06-23
1506,1506,PayPal,Success,2024-05-03
1507,1507,Credit Card,Success,2025-05-16
1508,1508,PayPal,Refunded,2024-12-13
1509,1509,Credit Card,Success,2025-04-21
1510,1510,Credit Card,Success,2024-03-03
1511,1511,PayPal,Success,2024-04-10
1512,1512,PayPal,Failed,2024-12-20
1513,1513,Credit Card,Success,2024-09-12
1514,1514,Cash,Success,2025-07-27
1515,1515,Credit Card,Success,2024-03-17
1516,1516,Credit Card,Success,2025-07-31
1517,1517,Cash,Success,2024-04-04
1518,1518,Credit Card,Success,2025-01-06
1519,1519,Cash,Success,2023-11-16
1520,1520,Cash,Success,2024-02-02
1521,1521,PayPal,Success,2024-10-27
1522,1522,Cash,Success,2024-11-28
1523,1523,Credit Card,Success,2024-06-12
1524,1524,Credit Card,Success,2024-05-08
1525,1525,Credit Card,Success,2024-12-27
1526,1526,PayPal,Success,2024-02-29
1527,1527,Credit Card,Success,2024-10-21
1528,1528,PayPal,Success,2023-09-22
1529,1529,PayPal,Success,2024-10-15
1530,1530,PayPal,Success,2025-05-05
1531,1531,Cash,Success,2024-03-14
1532,1532,Cash,Success,2025-05-26
1533,1533,Cash,Success,2024-04-05
1534,1534,PayPal,Refunded,2023-12-13
1535,1535,PayPal,Success,2024-08-18
1536,1536,Cash,Success,2025-08-01
1537,1537,Credit Card,Success,2025-07-02
1538,1538,PayPal,Success,2024-03-15
1539,1539,Credit Card,Success,2025-02-12
1540,1540,Cash,Success,2024-12-01
1541,1541,Credit Card,Failed,2024-04-23
1542,1542,PayPal,Success,2024-01-29
1543,1543,PayPal,Failed,2024-04-22
1544,1544,Cash,Success,2025-04-17
1545,1545,Cash,Success,2024-05-27
1546,1546,Cash,Success,2024-01-29
1547,1547,Credit Card,Success,2023-11-26
1548,1548,Credit Card,Success,2024-03-19
1549,1549,Cash,Success,2024-11-21
1550,1550,Credit Card,Success,2023-10-03
1551,1551,Credit Card,Success,2024-08-02
1552,1552,Credit Card,Success,2024-08-29
1553,1553,Credit Card,Success,2025-05-20
1554,1554,PayPal,Refunded,2024-09-12
1555,1555,Cash,Success,2024-04-18
1556,1556,Credit Card,Refunded,2024-04-24
1557,1557,Cash,Success,2025-05-19
1558,1558,Credit Card,Success,2024-06-23
1559,1559,PayPal,Success,2024-10-03
1560,1560,Cash,Success,2024-06-08
1561,1561,Credit Card,Success,2024-02-04
1562,1562,Cash,Success,2024-11-30
1563,1563,Credit Card,Success,2023-12-21
1564,1564,Cash,Success,2024-05-04
1565,1565,Credit Card,Success,2024-01-14
1566,1566,Cash,Success,2023-12-18
1567,1567,Credit Card,Failed,2024-02-04
1568,1568,Credit Card,Success,2025-05-10
1569,1569,PayPal,Success,2025-03-10
1570,1570,Credit Card,Success,2024-12-10
1571,1571,Credit Card,Success,2024-02-10
1572,1572,Cash,Success,2024-07-03
1573,1573,Credit Card,Success,2024-01-15
1574,1574,PayPal,Success,2025-04-29
1575,1575,Credit Card,Success,2024-10-21
1576,1576,PayPal,Success,2025-07-22
1577,1577,Cash,Refunded,2023-11-18
1578,1578,Credit Card,Success,2024-06-10
1579,1579,Cash,Success,2023-11-10
1580,1580,PayPal,Success,2025-04-06
1581,1581,PayPal,Success,2024-05-27
1582,1582,Cash,Success,2025-01-01
1583,1583,Cash,Success,2024-07-23
1584,1584,Credit Card,Success,2024-09-25
1585,1585,Cash,Success,2024-10-10
1586,1586,Cash,Success,2024-10-29
1587,1587,Cash,Failed,2025-07-22
1588,1588,Cash,Refunded,2023-10-30
1589,1589,Credit Card,Success,2024-04-04
1590,1590,PayPal,Failed,2024-06-22
1591,1591,Credit Card,Failed,2024-04-18
1592,1592,Credit Card,Success,2024-09-19
1593,1593,Cash,Success,2025-02-06
1594,1594,Credit Card,Success,2024-03-29
1595,1595,Cash,Success,2024-02-02
1596,1596,PayPal,Success,2025-01-26
1597,1597,PayPal,Success,2025-05-26
1598,1598,Credit Card,Success,2025-04-06
1599,1599,Credit Card,Refunded,2025-04-03
1600,1600,PayPal,Success,2025-04-12
1601,1601,Cash,Success,2025-08-11
1602,1602,PayPal,Success,2024-03-02
1603,1603,PayPal,Refunded,2024-06-28
1604,1604,PayPal,Failed,2024-10-14
1605,1605,PayPal,Success,2025-07-28
1606,1606,Credit Card,Success,2025-06-14
1607,1607,Cash,Success,2024-10-19
1608,1608,Credit Card,Success,2024-05-06
1609,1609,Cash,Failed,2024-11-27
1610,1610,PayPal,Success,2024-12-11
1611,1611,PayPal,Success,2025-01-03
1612,1612,PayPal,Success,2024-03-14
1613,1613,Credit Card,Success,2025-02-14
1614,1614,PayPal,Success,2024-09-23
1615,1615,Credit Card,Success,2025-06-06
1616,1616,Cash,Success,2024-05-05
1617,1617,Cash,Success,2025-04-06
1618,1618,PayPal,Success,2024-08-03
1619,1619,PayPal,Success,2025-03-04
1620,1620,PayPal,Success,2023-12-09
1621,1621,Credit Card,Success,2024-09-20
1622,1622,Credit Card,Success,2024-05-10
1623,1623,PayPal,Failed,2024-06-03
1624,1624,Credit Card,Success,2025-04-21
1625,1625,Credit Card,Success,2024-12-03
1626,1626,PayPal,Success,2023-12-21
1627,1627,Cash,Success,2024-04-13
1628,1628,Cash,Success,2024-03-02
1629,1629,PayPal,Success,2024-07-01
1630,1630,Credit Card,Success,2023-10-31
1631,1631,Cash,Failed,2024-10-16
1632,1632,Cash,Failed,2024-07-02
1633,1633,Credit Card,Success,2024-03-21
1634,1634,PayPal,Refunded,2023-09-29
1635,1635,Cash,Refunded,2025-07-06
1636,1636,Cash,Success,2024-05-25
1637,1637,Cash,Refunded,2023-11-08
1638,1638,Credit Card,Success,2025-08-07
1639,1639,Cash,Success,2025-06-12
1640,1640,Cash,Success,2023-10-11
1641,1641,Cash,Success,2025-05-20
1642,1642,PayPal,Success,2024-10-29
1643,1643,Credit Card,Success,2024-03-31
1644,1644,Credit Card,Failed,2024-09-08
1645,1645,Cash,Refunded,2023-10-25
1646,1646,PayPal,Refunded,2024-09-11
1647,1647,Credit Card,Failed,2024-12-06
1648,1648,Cash,Success,2025-07-28
1649,1649,Cash,Success,2023-12-16
1650,1650,Credit Card,Success,2024-07-15
1651,1651,Credit Card,Refunded,2023-12-23
1652,1652,Credit Card,Failed,2024-03-11
1653,1653,Credit Card,Success,2025-03-05
1654,1654,Cash,Failed,2025-06-26
1655,1655,Cash,Success,2025-03-04
1656,1656,PayPal,Success,2024-10-13
1657,1657,Cash,Success,2024-05-17
1658,1658,PayPal,Success,2024-10-13
1659,1659,PayPal,Refunded,2025-04-14
1660,1660,Cash,Success,2024-09-10
1661,1661,PayPal,Success,2025-08-25
1662,1662,PayPal,Success,2025-07-22
1663,1663,Cash,Failed,2025-03-10
1664,1664,PayPal,Success,2024-01-24
1665,1665,Cash,Success,2025-01-21
1666,1666,Credit Card,Success,2024-06-12
1667,1667,Credit Card,Success,2025-09-09
1668,1668,Cash,Success,2024-10-04
1669,1669,PayPal,Success,2024-08-08
1670,1670,Cash,Success,2025-03-18
1671,1671,Cash,Success,2024-10-06
1672,1672,Credit Card,Success,2024-05-31
1673,1673,PayPal,Success,2025-04-14
1674,1674,Credit Card,Success,2023-11-27
1675,1675,PayPal,Success,2024-02-15
1676,1676,Cash,Refunded,2024-03-08
1677,1677,Cash,Success,2025-08-27
1678,1678,Cash,Refunded,2024-06-09
1679,1679,PayPal,Success,2025-06-04
1680,1680,PayPal,Success,2025-03-07
1681,1681,PayPal,Success,2024-11-10
1682,1682,PayPal,Success,2023-10-19
1683,1683,PayPal,Success,2025-07-05
1684,1684,PayPal,Success,2024-05-14
1685,1685,PayPal,Success,2023-11-09
1686,1686,Credit Card,Success,2025-08-13
1687,1687,PayPal,Success,2025-03-10
1688,1688,PayPal,Success,2024-08-04
1689,1689,Cash,Refunded,2025-06-06
1690,1690,PayPal,Success,2023-12-24
1691,1691,Credit Card,Refunded,2023-10-20
1692,1692,PayPal,Success,2025-07-24
1693,1693,Cash,Refunded,2024-11-11
1694,1694,Cash,Success,2025-07-30
1695,1695,Credit Card,Success,2023-12-21
1696,1696,Credit Card,Refunded,2025-01-19
1697,1697,Credit Card,Success,2024-03-15
1698,1698,PayPal,Failed,2024-01-08
1699,1699,Credit Card,Success,2024-01-26
1700,1700,Credit Card,Success,2025-01-03
1701,1701,PayPal,Success,2024-11-26
1702,1702,PayPal,Success,2025-08-08
1703,1703,Cash,Refunded,2025-08-01
1704,1704,Credit Card,Success,2023-12-29
1705,1705,Cash,Success,2024-09-15
1706,1706,PayPal,Refunded,2024-02-11
1707,1707,PayPal,Refunded,2025-02-06
1708,1708,Credit Card,Refunded,2024-09-29
1709,1709,Credit Card,Success,2024-01-01
1710,1710,Cash,Success,2024-07-10
1711,1711,Cash,Success,2025-04-13
1712,1712,Credit Card,Success,2025-04-08
1713,1713,Cash,Success,2024-04-09
1714,1714,Credit Card,Success,2023-10-28
1715,1715,Cash,Success,2025-03-08
1716,1716,PayPal,Success,2024-01-07
1717,1717,Cash,Success,2025-02-04
1718,1718,Cash,Success,2025-03-09
1719,1719,Credit Card,Success,2025-03-02
1720,1720,Cash,Refunded,2025-04-14
1721,1721,Cash,Refunded,2025-03-05
1722,1722,Cash,Success,2025-07-13
1723,1723,Cash,Success,2025-06-16
1724,1724,PayPal,Failed,2025-05-28
1725,1725,Credit Card,Success,2025-07-27
1726,1726,PayPal,Success,2023-12-12
1727,1727,Credit Card,Success,2024-03-11
1728,1728,PayPal,Success,2024-05-01
1729,1729,PayPal,Success,2024-07-02
1730,1730,PayPal,Success,2025-01-17
1731,1731,PayPal,Refunded,2023-10-13
1732,1732,Cash,Failed,2024-11-27
1733,1733,Cash,Success,2024-06-14
1734,1734,Credit Card,Failed,2024-08-24
1735,1735,Cash,Success,2024-01-05
1736,1736,PayPal,Success,2024-12-02
1737,1737,Cash,Success,2025-08-12
1738,1738,Credit Card,Success,2025-01-19
1739,1739,Credit Card,Success,2025-07-05
1740,1740,Cash,Success,2025-05-26
1741,1741,Credit Card,Success,2024-01-29
1742,1742,Credit Card,Success,2024-07-04
1743,1743,Cash,Failed,2025-07-02
1744,1744,Credit Card,Success,2024-03-29
1745,1745,Credit Card,Success,2024-05-06
1746,1746,Credit Card,Refunded,2024-02-13
1747,1747,Cash,Success,2023-11-18
1748,1748,Credit Card,Success,2024-04-22
1749,1749,Cash,Failed,2023-09-30
1750,1750,Cash,Success,2024-03-10
1751,1751,Credit Card,Refunded,2025-04-25
1752,1752,Credit Card,Success,2025-01-22
1753,1753,PayPal,Success,2025-01-15
1754,1754,PayPal,Success,2025-03-04
1755,1755,Cash,Success,2024-02-29
1756,1756,Credit Card,Refunded,2025-05-05
1757,1757,Credit Card,Success,2024-05-25
1758,1758,Credit Card,Success,2024-08-16
1759,1759,Cash,Failed,2023-11-22
1760,1760,Credit Card,Success,2025-02-16
1761,1761,Cash,Success,2025-09-16
1762,1762,Cash,Success,2024-04-02
1763,1763,Cash,Success,2024-05-02
1764,1764,Credit Card,Success,2025-04-23
1765,1765,Credit Card,Success,2024-12-11
1766,1766,PayPal,Success,2025-02-02
1767,1767,Cash,Success,2023-11-17
1768,1768,Cash,Success,2025-06-09
1769,1769,Credit Card,Success,2024-04-29
1770,1770,PayPal,Failed,2024-05-05
1771,1771,Cash,Success,2025-05-23
1772,1772,Credit Card,Success,2023-10-24
1773,1773,Credit Card,Success,2024-08-19
1774,1774,PayPal,Success,2025-01-20
1775,1775,Cash,Success,2025-05-23
1776,1776,Credit Card,Success,2023-10-06
1777,1777,Credit Card,Refunded,2024-02-14
1778,1778,Cash,Refunded,2024-11-03
1779,1779,Credit Card,Success,2025-01-30
1780,1780,PayPal,Success,2024-10-11
1781,1781,Credit Card,Success,2024-12-25
1782,1782,Credit Card,Failed,2024-06-24
1783,1783,Credit Card,Success,2025-05-06
1784,1784,Credit Card,Success,2025-04-22
1785,1785,Credit Card,Success,2024-11-24
1786,1786,Credit Card,Success,2025-04-11
1787,1787,Cash,Success,2024-07-18
1788,1788,Cash,Success,2024-07-23
1789,1789,Cash,Refunded,2025-07-06
1790,1790,Cash,Success,2024-06-24
1791,1791,PayPal,Success,2024-07-13
1792,1792,Cash,Success,2024-02-20
1793,1793,Cash,Success,2024-05-06
1794,1794,Cash,Failed,2025-05-27
1795,1795,PayPal,Success,2025-03-27
1796,1796,PayPal,Success,2025-03-19
1797,1797,PayPal,Success,2024-06-17
1798,1798,Credit Card,Refunded,2024-09-15
1799,1799,Credit Card,Refunded,2025-01-16
1800,1800,Credit Card,Success,2024-09-19
1801,1801,Credit Card,Refunded,2023-10-07
1802,1802,Cash,Success,2023-10-22
1803,1803,Credit Card,Success,2024-09-25
1804,1804,PayPal,Success,2023-11-26
1805,1805,Credit Card,Success,2025-09-05
1806,1806,Cash,Failed,2024-08-26
1807,1807,Cash,Success,2025-04-10
1808,1808,Cash,Refunded,2025-04-12
1809,1809,Cash,Failed,2024-09-27
1810,1810,Credit Card,Success,2024-05-01
1811,1811,PayPal,Success,2024-07-27
1812,1812,PayPal,Success,2024-10-08
1813,1813,Cash,Refunded,2025-06-30
1814,1814,PayPal,Success,2024-06-24
1815,1815,Cash,Success,2023-12-03
1816,1816,PayPal,Success,2024-03-22
1817,1817,Cash,Success,2025-01-28
1818,1818,PayPal,Failed,2025-04-02
1819,1819,Credit Card,Success,2024-03-02
1820,1820,Cash,Success,2025-03-16
1821,1821,Credit Card,Success,2024-07-27
1822,1822,Cash,Success,2023-09-29
1823,1823,PayPal,Success,2025-04-15
1824,1824,Credit Card,Success,2024-10-02
1825,1825,Cash,Success,2024-08-03
1826,1826,Cash,Refunded,2024-01-23
1827,1827,Credit Card,Success,2024-01-04
1828,1828,PayPal,Success,2024-04-19
1829,1829,Cash,Success,2023-11-06
1830,1830,PayPal,Success,2024-05-15
1831,1831,Cash,Success,2025-03-23
1832,1832,PayPal,Success,2025-03-31
1833,1833,Credit Card,Success,2023-10-12
1834,1834,Cash,Success,2024-10-18
1835,1835,PayPal,Success,2025-06-07
1836,1836,PayPal,Success,2023-12-13
1837,1837,PayPal,Success,2024-06-30
1838,1838,PayPal,Success,2024-06-20
1839,1839,Credit Card,Success,2024-05-09
1840,1840,Cash,Success,2024-04-12
1841,1841,PayPal,Success,2025-06-02
1842,1842,Cash,Success,2025-08-11
1843,1843,Credit Card,Success,2024-02-02
1844,1844,Cash,Success,2024-08-28
1845,1845,PayPal,Success,2024-11-14
1846,1846,Cash,Refunded,2025-01-31
1847,1847,Credit Card,Success,2024-07-16
1848,1848,PayPal,Success,2024-01-21
1849,1849,Credit Card,Success,2025-01-08
1850,1850,PayPal,Success,2025-09-11
1851,1851,PayPal,Failed,2024-03-31
1852,1852,Credit Card,Success,2025-05-24
1853,1853,Credit Card,Failed,2024-03-13
1854,1854,Credit Card,Success,2025-03-29
1855,1855,PayPal,Refunded,2024-07-11
1856,1856,Cash,Success,2025-02-12
1857,1857,Cash,Failed,2025-07-14
1858,1858,PayPal,Success,2024-02-11
1859,1859,Cash,Success,2024-11-16
1860,1860,Credit Card,Success,2025-07-02
1861,1861,Credit Card,Success,2024-10-18
1862,1862,Cash,Success,2024-01-23
1863,1863,Cash,Success,2024-01-29
1864,1864,Cash,Success,2025-04-17
1865,1865,PayPal,Success,2025-04-08
1866,1866,Cash,Refunded,2024-09-21
1867,1867,PayPal,Success,2025-03-05
1868,1868,Credit Card,Success,2025-01-20
1869,1869,PayPal,Success,2023-12-03
1870,1870,Cash,Refunded,2025-04-25
1871,1871,Credit Card,Success,2024-10-18
1872,1872,Cash,Success,2024-07-04
1873,1873,Credit Card,Success,2024-09-09
1874,1874,PayPal,Success,2025-04-09
1875,1875,Cash,Success,2024-01-01
1876,1876,PayPal,Success,2024-04-02
1877,1877,PayPal,Success,2023-09-28
1878,1878,Cash,Refunded,2024-03-09
1879,1879,Cash,Success,2024-08-15
1880,1880,Cash,Success,2024-06-26
1881,1881,Credit Card,Success,2024-11-19
1882,1882,Credit Card,Success,2025-08-03
1883,1883,PayPal,Success,2025-05-13
1884,1884,Credit Card,Success,2024-05-25
1885,1885,Cash,Success,2024-12-08
1886,1886,Cash,Success,2024-08-13
1887,1887,Credit Card,Success,2024-10-25
1888,1888,Credit Card,Success,2024-05-12
1889,1889,Credit Card,Success,2024-04-22
1890,1890,PayPal,Failed,2025-09-05
1891,1891,PayPal,Success,2024-08-09
1892,1892,PayPal,Success,2025-03-13
1893,1893,PayPal,Success,2024-08-23
1894,1894,PayPal,Success,2025-04-12
1895,1895,PayPal,Success,2024-07-21
1896,1896,Cash,Success,2023-12-22
1897,1897,Credit Card,Success,2025-05-24
1898,1898,Cash,Success,2024-02-15
1899,1899,PayPal,Success,2023-11-03
1900,1900,Cash,Success,2023-12-08
1901,1901,PayPal,Success,2025-03-07
1902,1902,Cash,Success,2024-05-23
1903,1903,PayPal,Refunded,2024-12-07
1904,1904,Credit Card,Success,2023-10-18
1905,1905,Credit Card,Success,2024-01-10
1906,1906,PayPal,Success,2024-03-10
1907,1907,Credit Card,Success,2024-10-21
1908,1908,PayPal,Success,2024-06-08
1909,1909,PayPal,Success,2023-10-31
1910,1910,PayPal,Success,2025-05-05
1911,1911,PayPal,Success,2025-03-04
1912,1912,Cash,Success,2024-10-12
1913,1913,PayPal,Success,2025-07-17
1914,1914,Cash,Success,2025-04-23
1915,1915,PayPal,Success,2025-04-27
1916,1916,Credit Card,Failed,2024-12-27
1917,1917,Cash,Success,2023-10-12
1918,1918,Credit Card,Success,2025-01-03
1919,1919,PayPal,Success,2025-05-22
1920,1920,Credit Card,Success,2025-08-08
1921,1921,PayPal,Success,2023-10-18
1922,1922,Cash,Success,2025-03-01
1923,1923,PayPal,Success,2024-08-02
1924,1924,Credit Card,Success,2024-06-09
1925,1925,PayPal,Success,2024-09-05
1926,1926,Credit Card,Success,2024-07-15
1927,1927,Credit Card,Refunded,2024-11-01
1928,1928,PayPal,Success,2023-12-26
1929,1929,Cash,Success,2025-01-12
1930,1930,Cash,Failed,2024-03-12
1931,1931,PayPal,Success,2024-08-01
1932,1932,PayPal,Refunded,2024-03-30
1933,1933,PayPal,Success,2024-11-08
1934,1934,Credit Card,Success,2023-11-27
1935,1935,PayPal,Success,2024-06-02
1936,1936,PayPal,Success,2023-10-24
1937,1937,PayPal,Success,2024-09-09
1938,1938,Credit Card,Success,2024-08-23
1939,1939,PayPal,Success,2025-06-10
1940,1940,PayPal,Success,2024-05-26
1941,1941,Cash,Success,2024-06-16
1942,1942,Cash,Success,2024-05-13
1943,1943,Cash,Refunded,2024-11-27
1944,1944,PayPal,Success,2025-01-27
1945,1945,PayPal,Success,2025-04-16
1946,1946,Cash,Failed,2024-12-12
1947,1947,PayPal,Success,2024-09-27
1948,1948,Cash,Success,2023-12-08
1949,1949,Cash,Success,2024-09-20
1950,1950,Credit Card,Success,2025-03-05
1951,1951,Credit Card,Success,2024-04-11
1952,1952,Cash,Success,2024-01-28
1953,1953,Cash,Success,2025-03-22
1954,1954,Cash,Refunded,2023-10-23
1955,1955,Cash,Success,2025-08-10
1956,1956,Cash,Success,2024-02-16
1957,1957,Cash,Success,2023-12-07
1958,1958,PayPal,Success,2023-10-28
1959,1959,Credit Card,Success,2025-08-30
1960,1960,Credit Card,Refunded,2025-08-19
1961,1961,Cash,Success,2025-05-07
1962,1962,Credit Card,Success,2024-11-28
1963,1963,Credit Card,Failed,2025-09-08
1964,1964,Credit Card,Success,2024-11-18
1965,1965,PayPal,Failed,2024-11-17
1966,1966,Cash,Success,2024-10-26
1967,1967,PayPal,Success,2025-06-03
1968,1968,PayPal,Success,2023-10-22
1969,1969,PayPal,Failed,2025-06-19
1970,1970,Credit Card,Failed,2024-08-07
1971,1971,Credit Card,Success,2024-06-06
1972,1972,Credit Card,Success,2024-10-19
1973,1973,PayPal,Success,2025-05-30
1974,1974,PayPal,Success,2024-09-02
1975,1975,Credit Card,Success,2023-12-26
1976,1976,Cash,Success,2023-10-28
1977,1977,Credit Card,Failed,2023-12-05
1978,1978,Credit Card,Failed,2024-05-03
1979,1979,PayPal,Success,2024-09-14
1980,1980,Credit Card,Success,2024-12-22
1981,1981,PayPal,Success,2024-11-17
1982,1982,PayPal,Failed,2023-11-08
1983,1983,Cash,Success,2025-08-25
1984,1984,PayPal,Success,2025-08-14
1985,1985,Cash,Success,2025-01-20
1986,1986,Cash,Failed,2025-05-11
1987,1987,Credit Card,Success,2025-08-06
1988,1988,PayPal,Refunded,2024-12-27
1989,1989,Credit Card,Refunded,2023-10-05
1990,1990,Cash,Success,2023-11-25
1991,1991,Credit Card,Success,2024-06-13
1992,1992,PayPal,Success,2024-06-17
1993,1993,Credit Card,Success,2024-09-17
1994,1994,PayPal,Success,2025-03-23
1995,1995,Credit Card,Success,2025-09-18
1996,1996,Credit Card,Refunded,2024-09-21
1997,1997,Cash,Success,2024-09-04
1998,1998,Credit Card,Success,2024-04-15
1999,1999,Credit Card,Success,2024-06-15
2000,2000,PayPal,Success,2025-05-11
